epoch,train_loss,validation_loss,train_weighted_mse,validation_weighted_mse,blind_weighted_mse,stress_weighted_mse,train_parent_weighted_mse,train_training_only_weighted_mse,train_component_loss,validation_component_loss,train_component_smoothl1,validation_component_smoothl1,train_s3_magnitude_loss,train_residual_penalty,train_total_objective,train_total_objective_loss,train_epoch_objective_loss,learning_rate
1,0.7986143575045992,0.5374903082847595,0.7986143575045992,0.5374903082847595,0.685644805431366,0.844898521900177,0.8405852913856506,0.7982302017529678,0.48873667542561106,0.3594227135181427,0.48873667542561106,0.3594227135181427,0.0,0.0007115031573915924,0.48944817858300266,0.48944817858300266,0.6894469147376324,0.0006
10,0.06720724619328379,0.04470222815871239,0.06720724619328379,0.04470222815871239,0.05061117932200432,0.05457555502653122,0.07780701667070389,0.06711023266567642,0.07186185417505112,0.05054705590009689,0.07186185417505112,0.05054705590009689,0.0,0.0022227064362829534,0.07408456061133407,0.07408456061133407,0.11405602004908615,0.0006
20,0.03558814975304177,0.02277633361518383,0.03558814975304177,0.02277633361518383,0.02658461593091488,0.027928724884986877,0.04286176711320877,0.03552157905062006,0.04335087729396385,0.029270226135849953,0.04335087729396385,0.029270226135849953,0.0,0.0018042817381941922,0.04515515903215804,0.04515515903215804,0.07904921947555714,0.0006
30,0.025113582040660682,0.01607375591993332,0.025113582040660682,0.01607375591993332,0.019101589918136597,0.01921102963387966,0.030759593471884727,0.025061907087210053,0.03262077197658913,0.02194482833147049,0.03262077197658913,0.02194482833147049,0.0,0.0015094480227622724,0.034130219999351404,0.034130219999351404,0.06353113838031223,0.0006
40,0.019157350439465114,0.012327484786510468,0.019157350439465114,0.012327484786510468,0.014705097302794456,0.0146989356726408,0.02384844794869423,0.01911441578003758,0.0261952308243222,0.017645426094532013,0.0261952308243222,0.017645426094532013,0.0,0.0012831540172473371,0.027478384841569538,0.027478384841569538,0.05417312278282372,0.0006
50,0.01517594874394483,0.009743628092110157,0.01517594874394483,0.009743628092110157,0.0117012495175004,0.01173931173980236,0.018831461668014526,0.015142491515734524,0.021714165880153465,0.01456295233219862,0.021714165880153465,0.01456295233219862,0.0,0.0011352079848194778,0.022849373864972943,0.022849373864972943,0.04748442021318738,0.0006
60,0.01256586309788254,0.008066579699516296,0.01256586309788254,0.008066579699516296,0.009671811945736408,0.009882554411888123,0.015620671212673187,0.012537903849141182,0.01864867316027027,0.012425649911165237,0.01864867316027027,0.012425649911165237,0.0,0.0010124054875244263,0.0196610786477947,0.0196610786477947,0.04247286511060888,0.0006
70,0.010792100444632653,0.007043461315333843,0.010792100444632653,0.007043461315333843,0.008299990557134151,0.008556462824344635,0.013617411255836487,0.010766241848583696,0.01646157241786039,0.01107502356171608,0.01646157241786039,0.01107502356171608,0.0,0.0009183425391863172,0.017379914957046706,0.017379914957046706,0.038763672032333815,0.0006
80,0.009456449769802366,0.006182476412504911,0.009456449769802366,0.006182476412504911,0.007256353739649057,0.007567449938505888,0.011910622008144855,0.009433987879553607,0.014683785371407939,0.009872288443148136,0.014683785371407939,0.009872288443148136,0.0,0.0008589860426131116,0.01554277141402105,0.01554277141402105,0.035656285945695365,0.0006
90,0.008395716964011476,0.005614005960524082,0.008395716964011476,0.005614005960524082,0.006451135501265526,0.006810395512729883,0.010640876367688179,0.008375168048586153,0.013375547469929713,0.009066393598914146,0.013375547469929713,0.009066393598914146,0.0,0.000802032405504138,0.014177579875433851,0.014177579875433851,0.033245455301313134,0.0006
100,0.007829977658245002,0.005194990895688534,0.007829977658245002,0.005194990895688534,0.005926287267357111,0.006323132198303938,0.009770027361810207,0.00781222129391571,0.012475131433694265,0.008483191952109337,0.012475131433694265,0.008483191952109337,0.0,0.0007705850984041183,0.013245716532098384,0.013245716532098384,0.031187071355027473,0.0006
110,0.006892814241589514,0.004778409842401743,0.006892814241589514,0.004778409842401743,0.005328673869371414,0.0056435707956552505,0.008844210766255856,0.006874953877001033,0.011369213824820699,0.00786429550498724,0.011369213824820699,0.00786429550498724,0.0,0.0007324346410351134,0.012101648465855812,0.012101648465855812,0.029464347309300823,0.0006
120,0.006505120149757576,0.004508409183472395,0.006505120149757576,0.004508409183472395,0.0049732220359146595,0.005150798708200455,0.008235497400164604,0.006489282741463231,0.01066950896734676,0.007397201377898455,0.01066950896734676,0.007397201377898455,0.0,0.0007169727614549418,0.011386481728801702,0.011386481728801702,0.02813808636183989,0.0006
130,0.005929500022660514,0.004199942108243704,0.005929500022660514,0.004199942108243704,0.004624640569090843,0.0049257660284638405,0.007624512072652578,0.005913986396297162,0.010004924504419834,0.0070164878852665424,0.010004924504419834,0.0070164878852665424,0.0,0.0006967727857899099,0.010701697290209745,0.010701697290209745,0.02686505125848126,0.0006
140,0.005647254135600843,0.0040307859890162945,0.005647254135600843,0.0040307859890162945,0.004385136067867279,0.004695057403296232,0.007277796510607004,0.00563233051160318,0.009603602092444041,0.006768491119146347,0.009603602092444041,0.006768491119146347,0.0,0.000678275893188361,0.010281877985632402,0.010281877985632402,0.02591280259485162,0.0006
150,0.0055167375572162365,0.0038059200160205364,0.0055167375572162365,0.0038059200160205364,0.004166885744780302,0.004574296995997429,0.00691611971706152,0.0055039296432051864,0.009246249896662478,0.006458347663283348,0.009246249896662478,0.006458347663283348,0.0,0.0006759723482671765,0.009922222244929654,0.009922222244929654,0.025048696254673194,0.0006
160,0.004985850242434997,0.003558726515620947,0.004985850242434997,0.003558726515620947,0.0038885229732841253,0.004250176716595888,0.006396730896085501,0.004972937184834573,0.008628500359120703,0.0061121187172830105,0.008628500359120703,0.0061121187172830105,0.0,0.0006734405260021784,0.009301940885122881,0.009301940885122881,0.024258699316586863,0.0006
170,0.004903328825006755,0.003487021429464221,0.004903328825006755,0.003487021429464221,0.0037715176586061716,0.004084184765815735,0.006232908461242914,0.004891159994916951,0.00843930957349194,0.005987781099975109,0.00843930957349194,0.005987781099975109,0.0,0.000665008185654714,0.009104317759146654,0.009104317759146654,0.02362777804090158,0.0006
180,0.004593682983077999,0.0033305648248642683,0.004593682983077999,0.0033305648248642683,0.003647554200142622,0.003937422297894955,0.005906097125262022,0.004581671083191889,0.008028473540568053,0.005745941307395697,0.008028473540568053,0.005745941307395697,0.0,0.0006649479827036621,0.008693421523271716,0.008693421523271716,0.023092905106755022,0.0006
190,0.0044732637480904775,0.0032284988556057215,0.0044732637480904775,0.0032284988556057215,0.0034727398306131363,0.003794599324464798,0.005665023811161518,0.004462356127700997,0.007805440167782888,0.00558604346588254,0.007805440167782888,0.00558604346588254,0.0,0.0006599560647970545,0.008465396232579941,0.008465396232579941,0.022614801323953135,0.0006
200,0.004278611084821146,0.003142743371427059,0.004278611084821146,0.003142743371427059,0.0033564362674951553,0.003635087050497532,0.005475379526615143,0.004267657739740762,0.007550732372171566,0.005430889315903187,0.007550732372171566,0.005430889315903187,0.0,0.0006538071968645271,0.008204539569036093,0.008204539569036093,0.02209646376426827,0.0006
210,0.00413678622071873,0.003038994502276182,0.00413678622071873,0.003038994502276182,0.003248524619266391,0.0035692905075848103,0.005325553938746452,0.004125905996568396,0.00733548622955567,0.005289852619171143,0.00733548622955567,0.005289852619171143,0.0,0.000652192360220904,0.007987678589776575,0.007987678589776575,0.021705160480938606,0.0006
220,0.00401902746697681,0.0030045981984585524,0.00401902746697681,0.0030045981984585524,0.003186253597959876,0.003425625618547201,0.005181159358471632,0.004008390990794782,0.007162343703709954,0.005194562487304211,0.007162343703709954,0.005194562487304211,0.0,0.0006510394210797627,0.007813383124789717,0.007813383124789717,0.02138395682537554,0.0006
230,0.0038968779996526276,0.0029143760912120342,0.0038968779996526276,0.0029143760912120342,0.0030794949270784855,0.003334458451718092,0.004989894572645426,0.003886874216309774,0.006967408571743855,0.005061773117631674,0.006967408571743855,0.005061773117631674,0.0,0.0006508346516935818,0.007618243223437437,0.007618243223437437,0.02105574853675584,0.0006
240,0.0038091422168453895,0.002804104471579194,0.0038091422168453895,0.002804104471579194,0.003024645382538438,0.003289127256721258,0.004899973049759865,0.0037991583042384317,0.00681496125410882,0.0049358452670276165,0.00681496125410882,0.0049358452670276165,0.0,0.000650730647545368,0.007465691901654189,0.007465691901654189,0.02075854326782521,0.0006
250,0.003722763236307199,0.0027826069854199886,0.003722763236307199,0.0027826069854199886,0.0029687746427953243,0.0032335917931050062,0.004803850315511227,0.003712868573763541,0.006693498774975725,0.004903319291770458,0.006693498774975725,0.004903319291770458,0.0,0.0006483498776554005,0.007341848652631126,0.007341848652631126,0.020437471303126037,0.0006
260,0.003640170553337212,0.0027007965836673975,0.003640170553337212,0.0027007965836673975,0.002873719669878483,0.003181536914780736,0.004693195223808289,0.0036305326156031363,0.006572186284179959,0.00478258915245533,0.006572186284179959,0.00478258915245533,0.0,0.00064154959705512,0.007213735881235079,0.007213735881235079,0.020226597723270776,0.0006
270,0.0036083531019069914,0.002685349667444825,0.0036083531019069914,0.002685349667444825,0.0028880429454147816,0.003137002233415842,0.004644317552447319,0.0035988714387415167,0.006532467239618274,0.004770510829985142,0.006532467239618274,0.004770510829985142,0.0,0.0006374286115706144,0.007169895851188888,0.007169895851188888,0.01998274763139255,0.0006
280,0.003474346090393732,0.0025898409076035023,0.003474346090393732,0.0025898409076035023,0.002778782742097974,0.003006314393132925,0.004470353946089745,0.0034652301002627383,0.006297633316549986,0.0045935665257275105,0.006297633316549986,0.0045935665257275105,0.0,0.000644590977051227,0.006942224293601213,0.006942224293601213,0.019783024806399947,0.0006
290,0.0034274459159422573,0.002579627325758338,0.0034274459159422573,0.002579627325758338,0.002708806423470378,0.0029824909288436174,0.004434666596353054,0.003418227321928479,0.006226371352602903,0.004564858041703701,0.006226371352602903,0.004564858041703701,0.0,0.0006385293047861163,0.006864900657389019,0.006864900657389019,0.019624698707232414,0.0006
300,0.003381633313134559,0.002487260615453124,0.003381633313134559,0.002487260615453124,0.0027091018855571747,0.002997998846694827,0.004370258189737797,0.0033725848661695004,0.006147039092196855,0.004448944702744484,0.006147039092196855,0.004448944702744484,0.0,0.0006397850350216628,0.006786824127218518,0.006786824127218518,0.019371174317505912,0.0006
310,0.0033762723661494402,0.0025116070173680782,0.0033762723661494402,0.0025116070173680782,0.0026974778156727552,0.002974069444462657,0.004342020023614168,0.003367433398493952,0.006158373007160222,0.0044892593286931515,0.006158373007160222,0.0044892593286931515,0.0,0.0006300187338842566,0.006788391741044479,0.006788391741044479,0.019239877005815444,0.0006
320,0.0032572899336531674,0.0024666120298206806,0.0032572899336531674,0.0024666120298206806,0.0026279070880264044,0.002884635468944907,0.004186112899333239,0.0032487888974197816,0.00597452469015438,0.00439209770411253,0.00597452469015438,0.00439209770411253,0.0,0.0006363234161484522,0.006610848106302832,0.006610848106302832,0.019043525751467838,0.0006
330,0.0032045524020069744,0.0024203236680477858,0.0032045524020069744,0.0024203236680477858,0.0026084089186042547,0.0028473741840571165,0.004152950365096331,0.0031958721850302426,0.005878474072053111,0.0043418752029538155,0.005878474072053111,0.0043418752029538155,0.0,0.0006412338633980636,0.0065197079354511744,0.0065197079354511744,0.018877246915838065,0.0006
340,0.00311225711334219,0.0023379959166049957,0.00311225711334219,0.0023379959166049957,0.002531052567064762,0.00278547964990139,0.004008420743048191,0.003104054928556552,0.005720981557352288,0.004199128597974777,0.005720981557352288,0.004199128597974777,0.0,0.0006447277461036151,0.0063657093034559025,0.0063657093034559025,0.018795505934700127,0.0006
350,0.0031483132757548675,0.0024067789781838655,0.0031483132757548675,0.0024067789781838655,0.0025441020261496305,0.0027909879572689533,0.004089932423084974,0.0031396951479816184,0.005801026396576126,0.004300746135413647,0.005801026396576126,0.004300746135413647,0.0,0.0006297499019879953,0.006430776298564121,0.006430776298564121,0.01866650443084889,0.0006
360,0.003093019161413709,0.002331862924620509,0.003093019161413709,0.002331862924620509,0.002519782865419984,0.0027365770656615496,0.003962264396250248,0.0030850634167461427,0.005692423985607656,0.004164617042988539,0.005692423985607656,0.004164617042988539,0.0,0.0006368309970855715,0.0063292549826932274,0.0063292549826932274,0.018525850582166593,0.0006
370,0.0030510685167700322,0.002327329944819212,0.0030510685167700322,0.002327329944819212,0.0024724709801375866,0.002709584776312113,0.003963512368500233,0.0030427172342228563,0.0056366907448367615,0.0041695525869727135,0.0056366907448367615,0.0041695525869727135,0.0,0.0006373747645032649,0.006274065509340026,0.006274065509340026,0.01840642406983641,0.0006
380,0.002989727741147497,0.002260494977235794,0.002989727741147497,0.002260494977235794,0.0024334555491805077,0.002687365049496293,0.00386847578920424,0.0029816848702560535,0.005531096080519019,0.004066223278641701,0.005531096080519019,0.004066223278641701,0.0,0.0006382607023249989,0.006169356782844018,0.006169356782844018,0.018353580462521665,0.0006
390,0.0029831657665533645,0.002266720635816455,0.0029831657665533645,0.002266720635816455,0.0024094562977552414,0.0026713665574789047,0.0038262992165982723,0.0029754489184722816,0.005528729259683459,0.004074744414538145,0.005528729259683459,0.004074744414538145,0.0,0.0006322810199824967,0.006161010279665956,0.006161010279665956,0.018184860973772997,0.0006
400,0.0029702474744209835,0.002282945206388831,0.0029702474744209835,0.002282945206388831,0.0024378523230552673,0.0026527768932282925,0.0038070727605372667,0.0029625884157355752,0.00550987843154645,0.004096439573913813,0.00550987843154645,0.004096439573913813,0.0,0.000636480390726696,0.006146358822273146,0.006146358822273146,0.01808589022830439,0.0006
410,0.0029347759355785735,0.0022244437132030725,0.0029347759355785735,0.0022244437132030725,0.0023949958849698305,0.0026423928793519735,0.003785526379942894,0.0029269894396363456,0.005446806685249163,0.004018315114080906,0.005446806685249163,0.004018315114080906,0.0,0.0006297160615980657,0.006076522746847229,0.006076522746847229,0.018009262683515142,0.0006
420,0.0028550277355771704,0.0021746663842350245,0.0028550277355771704,0.0021746663842350245,0.002339663216844201,0.0025817658752202988,0.0036918679252266884,0.002847368410372549,0.005316381266906968,0.0039357407949864864,0.005316381266906968,0.0039357407949864864,0.0,0.000633729668098799,0.005950110935005767,0.005950110935005767,0.017894234852642285,0.0006
430,0.0028565368201826516,0.0021859637927263975,0.0028565368201826516,0.0021859637927263975,0.0023362506181001663,0.002579218940809369,0.003681889269500971,0.0028489827939328478,0.005310866451719349,0.003939161542803049,0.005310866451719349,0.003939161542803049,0.0,0.0006331995781952354,0.005944066029914584,0.005944066029914584,0.017836457088929142,0.0006
440,0.0028161819148657314,0.002142554149031639,0.0028161819148657314,0.002142554149031639,0.0023290773387998343,0.0025383455213159323,0.0035922869574278593,0.002809078591728268,0.00525765616843645,0.0038924405816942453,0.00525765616843645,0.0038924405816942453,0.0,0.000635016540453578,0.005892672708890028,0.005892672708890028,0.01775477630395243,0.0006
450,0.002833464655841781,0.002166150137782097,0.002833464655841781,0.002166150137782097,0.002347082132473588,0.002565959468483925,0.003644997254014015,0.002826037062708652,0.005286574134012737,0.0039154887199401855,0.005286574134012737,0.0039154887199401855,0.0,0.0006321100003605353,0.0059186841343732725,0.0059186841343732725,0.01763863330396299,0.0006
460,0.002775722435791277,0.0021258110646158457,0.002775722435791277,0.0021258110646158457,0.002284860471263528,0.0025215577334165573,0.003539395285770297,0.0027687328377044903,0.005186639691213761,0.003835633397102356,0.005186639691213761,0.003835633397102356,0.0,0.0006374268812340711,0.005824066572447832,0.005824066572447832,0.017599617117478972,0.0006
470,0.0027827155423278123,0.00212284829467535,0.0027827155423278123,0.00212284829467535,0.002281986642628908,0.002510557183995843,0.0035490598529577255,0.0027757014750903124,0.005195970177872103,0.003836411517113447,0.005195970177872103,0.003836411517113447,0.0,0.0006296862155444572,0.00582565639341656,0.00582565639341656,0.01749565438785855,0.0006
480,0.002771423961818114,0.002125508850440383,0.002771423961818114,0.002125508850440383,0.0022980766370892525,0.0025255735963582993,0.003551449393853545,0.0027642848180842545,0.00519810805488579,0.003848217660561204,0.00519810805488579,0.003848217660561204,0.0,0.0006299702627830981,0.005828078317668888,0.005828078317668888,0.017458967650136444,0.0006
490,0.0027495993700749235,0.002084241947159171,0.0027495993700749235,0.002084241947159171,0.0022498052567243576,0.0025123455561697483,0.003514823503792286,0.0027425956598596366,0.00515277366989924,0.0037932274863123894,0.00515277366989924,0.0037932274863123894,0.0,0.0006288256269954336,0.005781599296894673,0.005781599296894673,0.017357568770340306,0.0006
500,0.002734620021459261,0.002084017964079976,0.002734620021459261,0.002084017964079976,0.0022648507729172707,0.0025080516934394836,0.003484084503725171,0.0027277606143504833,0.005121509201384231,0.003787642577663064,0.005121509201384231,0.003787642577663064,0.0,0.0006294096955573821,0.005750918896941614,0.005750918896941614,0.017323753405607753,0.0006
510,0.0026770253072185175,0.0020523404236882925,0.0026770253072185175,0.0020523404236882925,0.002211827551946044,0.0024482193402945995,0.0034248470328748226,0.002670180863012382,0.005028428342092103,0.003713228041306138,0.005028428342092103,0.003713228041306138,0.0,0.0006315739247624891,0.005660002266854591,0.005660002266854591,0.017272410596606023,0.0006
520,0.0026694088101231746,0.002020300133153796,0.0026694088101231746,0.002020300133153796,0.0022109015844762325,0.0024460372515022755,0.0033943597227334976,0.002662773731124162,0.005024630788986959,0.003699362510815263,0.005024630788986959,0.003699362510815263,0.0,0.0006301401448566075,0.005654770933843566,0.005654770933843566,0.017161331012829666,0.0006
530,0.0026902355406186397,0.0020828100387007,0.0026902355406186397,0.0020828100387007,0.002250156132504344,0.0024581195320934057,0.0034071430563926697,0.002683674079144972,0.0050572298698121744,0.003775270888581872,0.0050572298698121744,0.003775270888581872,0.0,0.0006279233681447352,0.0056851532379569095,0.0056851532379569095,0.017109356787352252,0.0006
540,0.002681493586094807,0.0020699012093245983,0.002681493586094807,0.0020699012093245983,0.002247341675683856,0.0024300110526382923,0.0034005576744675636,0.0026749123124286704,0.0050422881855003475,0.0037560411728918552,0.0050422881855003475,0.0037560411728918552,0.0,0.0006249132314389725,0.00566720141693932,0.00566720141693932,0.017060135592938636,0.0006
550,0.002691552199931493,0.002076799748465419,0.002691552199931493,0.002076799748465419,0.00221715378575027,0.0024530997034162283,0.003487996058538556,0.0026842627375673407,0.005067551602421648,0.0037748594768345356,0.005067551602421648,0.0037748594768345356,0.0,0.0006293156346182119,0.00569686723703986,0.00569686723703986,0.017029788559993396,0.0006
560,0.002605543710508758,0.0019600882660597563,0.002605543710508758,0.0019600882660597563,0.0021392405033111572,0.0024069438222795725,0.0033108151983469725,0.002599088741715016,0.00489018676358006,0.0036026735324412584,0.00489018676358006,0.0036026735324412584,0.0,0.0006305992523726033,0.005520786015952663,0.005520786015952663,0.016971253307532498,0.0006
570,0.0025928034219181158,0.0019784728065133095,0.0025928034219181158,0.0019784728065133095,0.0021572597324848175,0.0023731442634016275,0.003320579882711172,0.0025861424843133416,0.004887368552993523,0.0036116009578108788,0.004887368552993523,0.0036116009578108788,0.0,0.0006344841797758921,0.005521852732769415,0.005521852732769415,0.016883771474880474,0.0006
580,0.0025932471778567787,0.001986050745472312,0.0025932471778567787,0.001986050745472312,0.0021483846940100193,0.002371423412114382,0.0032697736751288176,0.0025870553135391577,0.004902287093358183,0.00363900070078671,0.004902287093358183,0.00363900070078671,0.0,0.0006282281507064061,0.0055305152440645895,0.0055305152440645895,0.01689359079340433,0.0006
590,0.002580295908001095,0.0020026748534291983,0.002580295908001095,0.0020026748534291983,0.0021637899335473776,0.002364820335060358,0.003315177746117115,0.0025735698329780047,0.004876588503962004,0.0036595698911696672,0.004876588503962004,0.0036595698911696672,0.0,0.0006291911727154018,0.0055057796766774065,0.0055057796766774065,0.01685057998764695,0.0006
600,0.0025231026567851503,0.0019468285609036684,0.0025231026567851503,0.0019468285609036684,0.002106876578181982,0.0023302421905100346,0.0032454144675284624,0.002516491744895452,0.004763333782640537,0.0035325568169355392,0.004763333782640537,0.0035325568169355392,0.0,0.0006344709252814381,0.005397804707921975,0.005397804707921975,0.016755440588634193,0.0006
610,0.0025320290365792035,0.0019278625259175897,0.0025320290365792035,0.0019278625259175897,0.002113271038979292,0.002321327803656459,0.003194593358784914,0.0025259648843476805,0.004786324136937946,0.003538902150467038,0.004786324136937946,0.003538902150467038,0.0,0.0006302972679189375,0.005416621404856883,0.005416621404856883,0.016695514156875712,0.0006
620,0.0025011304529951664,0.0019056316232308745,0.0025011304529951664,0.0019056316232308745,0.0020844656974077225,0.00231155171059072,0.0031774425879120827,0.002494940484492221,0.004737418497536583,0.0035077750217169523,0.004737418497536583,0.0035077750217169523,0.0,0.0006301693928368742,0.005367587890373457,0.005367587890373457,0.016674829282138613,0.0006
630,0.002496334307232668,0.0019214758649468422,0.002496334307232668,0.0019214758649468422,0.0020817939657717943,0.0023108466994017363,0.0031955474987626076,0.0024899347623716017,0.004724980612882803,0.003520664758980274,0.004724980612882803,0.003520664758980274,0.0,0.0006304619305279436,0.005355442543410746,0.005355442543410746,0.01666500102615483,0.0006
640,0.002484327037035412,0.0019250634359195828,0.002484327037035412,0.0019250634359195828,0.0020933605264872313,0.0022924267686903477,0.0031714648939669132,0.002478037953758778,0.004707924509792373,0.0035282252356410027,0.004707924509792373,0.0035282252356410027,0.0,0.000637813781570935,0.005345738291363308,0.005345738291363308,0.016591633210175108,0.0006
650,0.002469536739608934,0.0018659690394997597,0.002469536739608934,0.0018659690394997597,0.002073650248348713,0.00227572419680655,0.0031295816879719496,0.0024634956755744354,0.004669210353438584,0.0034439079463481903,0.004669210353438584,0.0034439079463481903,0.0,0.0006353372339914753,0.005304547587430059,0.005304547587430059,0.01661157169646783,0.0006
660,0.002513278641202686,0.0019478888716548681,0.002513278641202686,0.0019478888716548681,0.0021026076283305883,0.002312558237463236,0.003241129918023944,0.0025066168903038807,0.00476642265999928,0.0035750623792409897,0.00476642265999928,0.0035750623792409897,0.0,0.0006259442585683013,0.005392366918567581,0.005392366918567581,0.01651321940191413,0.0006
670,0.0024516212309496008,0.0018593833083286881,0.0024516212309496008,0.0018593833083286881,0.0020691046956926584,0.0022713234648108482,0.0031467366497963667,0.0024452591735996143,0.004644925934541983,0.0034326992463320494,0.004644925934541983,0.0034326992463320494,0.0,0.0006384077177661975,0.005283333652308181,0.005283333652308181,0.016478815000917996,0.0006
680,0.002492305816296538,0.0019107128027826548,0.002492305816296538,0.0019107128027826548,0.0020983642898499966,0.0022956787142902613,0.0031542228534817696,0.0024862476529419553,0.004727369482240508,0.0035277726128697395,0.004727369482240508,0.0035277726128697395,0.0,0.0006285364327516658,0.005355905914992174,0.005355905914992174,0.016460544939734523,0.0006
690,0.0025064526224235894,0.0019136375049129128,0.0025064526224235894,0.0019136375049129128,0.0021057757548987865,0.0023342969361692667,0.0032162514980882406,0.0024999561404038823,0.004767120685355043,0.0035427985712885857,0.004767120685355043,0.0035427985712885857,0.0,0.0006251549274068973,0.00539227561276194,0.00539227561276194,0.01640976463806046,0.0006
700,0.0024325890507888278,0.0018891154322773218,0.0024325890507888278,0.0018891154322773218,0.0020729382522404194,0.0022310710046440363,0.0031358818523585796,0.002426152136406844,0.004624912116533916,0.003480596700683236,0.004624912116533916,0.003480596700683236,0.0,0.0006348446329315597,0.005259756749465476,0.005259756749465476,0.016364675508017623,0.0006
710,0.0024414596100771637,0.0018809569301083684,0.0024414596100771637,0.0018809569301083684,0.0020582308061420918,0.002259806264191866,0.0031265164725482464,0.002435189641917172,0.004633831261008211,0.003450671909376979,0.004633831261008211,0.003450671909376979,0.0,0.0006296459424731847,0.005263477203481396,0.005263477203481396,0.016349153285447785,0.0006
720,0.002412375747178644,0.0018401378765702248,0.002412375747178644,0.0018401378765702248,0.0020152516663074493,0.0022348586935549974,0.003071030369028449,0.002406347416305175,0.004591992907902568,0.003406032221391797,0.004591992907902568,0.003406032221391797,0.0,0.0006304544079838656,0.005222447315886433,0.005222447315886433,0.016288050264716115,0.0006
730,0.0024245082412877135,0.001862111734226346,0.0024245082412877135,0.001862111734226346,0.0020479948725551367,0.0022500718478113413,0.0030828609596937895,0.0024184825640592203,0.0046091784356438814,0.0034315958619117737,0.0046091784356438814,0.0034315958619117737,0.0,0.000629948205807507,0.005239126641451389,0.005239126641451389,0.016284109238690236,0.0006
740,0.0024299176248487376,0.0018788742600008845,0.0024299176248487376,0.0018788742600008845,0.002051443327218294,0.002256236970424652,0.003100601490586996,0.002423779088698977,0.004626541084917102,0.003460248000919819,0.004626541084917102,0.003460248000919819,0.0,0.0006268342625575363,0.005253375347474638,0.005253375347474638,0.016235651875580355,0.0006
750,0.0024129731101888764,0.0018580220639705658,0.0024129731101888764,0.0018580220639705658,0.0020255858544260263,0.0022462981287389994,0.0031307172030210495,0.002406403983083325,0.004597790193819327,0.003425747621804476,0.004597790193819327,0.003425747621804476,0.0,0.0006273868524430168,0.005225177046262344,0.005225177046262344,0.01621005643188111,0.0006
760,0.0023538668877614265,0.001833959249779582,0.0023538668877614265,0.001833959249779582,0.0019834015984088182,0.0021907726768404245,0.0030016775708645582,0.0023479376794642752,0.004484816706956419,0.0033636395819485188,0.004484816706956419,0.0033636395819485188,0.0,0.0006315831456001494,0.005116399852556568,0.005116399852556568,0.016189691508099853,0.0006
770,0.0023627669088407137,0.0018419489497318864,0.0023627669088407137,0.0018419489497318864,0.0020208642818033695,0.002185855293646455,0.003036848036572337,0.002356597331278373,0.004502292998048225,0.003398576285690069,0.004502292998048225,0.003398576285690069,0.0,0.0006328482163767414,0.005135141214424967,0.005135141214424967,0.01613738732204416,0.0006
780,0.0024553522023508605,0.0018822120036929846,0.0024553522023508605,0.0018822120036929846,0.0020545050501823425,0.0022830269299447536,0.00316371931694448,0.0024488687840984115,0.0046677512343132515,0.0034771065693348646,0.0046677512343132515,0.0034771065693348646,0.0,0.0006241663617731237,0.005291917596086375,0.005291917596086375,0.016096760468514337,0.0006
790,0.0024343575765324896,0.0019019268220290542,0.0024343575765324896,0.0019019268220290542,0.002062105806544423,0.002273253398016095,0.0031434183474630117,0.002427867870634955,0.004640839495710634,0.0035165566951036453,0.004640839495710634,0.0035165566951036453,0.0,0.0006231949791199512,0.005264034474830585,0.005264034474830585,0.016091181191338857,0.0006
800,0.0024039331646166636,0.0018474026583135128,0.0024039331646166636,0.0018474026583135128,0.002017358783632517,0.0022393646650016308,0.0030975365079939365,0.0023975849590825832,0.004579889125245409,0.003414114937186241,0.004579889125245409,0.003414114937186241,0.0,0.0006227606952695032,0.005202649820514912,0.005202649820514912,0.016038919790067115,0.0006
810,0.0023276265452510836,0.0017887639114633203,0.0023276265452510836,0.0017887639114633203,0.00195884658023715,0.0021594278514385223,0.0030194735154509544,0.0023212944712746276,0.004440763139715009,0.0033120184671133757,0.004440763139715009,0.0033120184671133757,0.0,0.000633107979659287,0.005073871119374296,0.005073871119374296,0.01602533255445679,0.0006
820,0.002421877464008309,0.0018490045331418514,0.002421877464008309,0.0018490045331418514,0.0020296978764235973,0.0022577373310923576,0.0031208547297865152,0.002415480010156313,0.004619889461136459,0.0034268845338374376,0.004619889461136459,0.0034268845338374376,0.0,0.0006242905546770611,0.00524418001581352,0.00524418001581352,0.015975400750676178,0.0006
830,0.002401230974052456,0.001848074491135776,0.002401230974052456,0.001848074491135776,0.0019998664502054453,0.0022506180685013533,0.0030796744395047426,0.0023950214842838155,0.00457437388535174,0.0034220609813928604,0.00457437388535174,0.0034220609813928604,0.0,0.0006237019518195145,0.005198075837171255,0.005198075837171255,0.01594170542192698,0.0006
840,0.0023470055032068097,0.0018341441173106432,0.0023470055032068097,0.0018341441173106432,0.001982374582439661,0.002172191860154271,0.0030037015676498413,0.002340994986889882,0.004476277944204176,0.0033647853415459394,0.004476277944204176,0.0033647853415459394,0.0,0.0006274753353937354,0.005103753279597911,0.005103753279597911,0.015921805930358433,0.0006
850,0.0023945214690442693,0.0018249920103698969,0.0023945214690442693,0.0018249920103698969,0.0020192062947899103,0.0022330130450427532,0.0030893469229340553,0.0023881620537035157,0.004563842098214292,0.0034009371884167194,0.004563842098214292,0.0034009371884167194,0.0,0.0006240192641828834,0.005187861362397175,0.005187861362397175,0.015894064601854843,0.0006
860,0.002329380177819485,0.0017945438157767057,0.002329380177819485,0.0017945438157767057,0.001962210750207305,0.002183175878599286,0.00301648979075253,0.002323091518918101,0.004444819517827267,0.0033294474706053734,0.004444819517827267,0.0033294474706053734,0.0,0.0006281042424537153,0.005072923760280982,0.005072923760280982,0.015855086098630344,0.0006
870,0.002314456904768685,0.0017899471567943692,0.002314456904768685,0.0017899471567943692,0.001945250784046948,0.0021648684050887823,0.002971883164718747,0.0023084397867535506,0.00442243083509255,0.0033145705237984657,0.00442243083509255,0.0033145705237984657,0.0,0.0006277681444500886,0.005050198979542639,0.005050198979542639,0.01587231849682348,0.0006
880,0.0023221730725791565,0.0018041770672425628,0.0023221730725791565,0.0018041770672425628,0.0019735402893275023,0.002153794514015317,0.002996524330228567,0.0023160010797170184,0.004441731640150542,0.003348416415974498,0.004441731640150542,0.003348416415974498,0.0,0.0006276371321336995,0.005069368772284241,0.005069368772284241,0.015800705196866986,0.0006
890,0.0023081050892008776,0.001780354417860508,0.0023081050892008776,0.001780354417860508,0.0019569823052734137,0.0021575824357569218,0.0029875272884964943,0.002301886611470702,0.004410170300272111,0.0033007070887833834,0.004410170300272111,0.0033007070887833834,0.0,0.000628302815575173,0.005038473115847284,0.005038473115847284,0.015794067157077974,0.0006
900,0.0022980214079339045,0.001763803418725729,0.0022980214079339045,0.001763803418725729,0.0019296504324302077,0.0021277049090713263,0.002943560015410185,0.002292113116886644,0.004388483086152667,0.0032554965000599623,0.004388483086152667,0.0032554965000599623,0.0,0.0006277794056616782,0.005016262491814345,0.005016262491814345,0.01577035357312175,0.0006
910,0.0023056673715380082,0.0017778313485905528,0.0023056673715380082,0.0017778313485905528,0.001937364460900426,0.002167393919080496,0.0030019842088222504,0.0022992943151544983,0.0044090198685412755,0.003297175746411085,0.0044090198685412755,0.003297175746411085,0.0,0.0006274471516700312,0.005036467020211307,0.005036467020211307,0.015753434719726244,0.0006
920,0.002298363178460212,0.0017823342932388186,0.002298363178460212,0.0017823342932388186,0.0019532679580152035,0.0021337249781936407,0.002954767784103751,0.0022923553638440524,0.004395717028576943,0.0032943773549050093,0.004395717028576943,0.0032943773549050093,0.0,0.0006291766824908312,0.005024893711067775,0.005024893711067775,0.015726408670522735,0.0006
930,0.0023300875490897452,0.001804667292162776,0.0023300875490897452,0.001804667292162776,0.0019806670024991035,0.0021554825361818075,0.0029914164915680885,0.0023240347641604554,0.004454413251969765,0.0033357138745486736,0.004454413251969765,0.0033357138745486736,0.0,0.0006237547244079121,0.005078167976377677,0.005078167976377677,0.015700995933656075,0.0006
940,0.0022751228059872896,0.0017736625159159303,0.0022751228059872896,0.0017736625159159303,0.0019272401696071029,0.002134426264092326,0.0029514555353671312,0.0022689326228620675,0.004350684331065799,0.003279323922470212,0.004350684331065799,0.003279323922470212,0.0,0.00062815874333385,0.00497884307439965,0.00497884307439965,0.01567332792064054,0.0006
950,0.002292026179010113,0.0017603777814656496,0.002292026179010113,0.0017603777814656496,0.0019446368096396327,0.002150657121092081,0.002959164325147867,0.002285920143878371,0.004387243128162027,0.0032736717257648706,0.004387243128162027,0.0032736717257648706,0.0,0.0006300211572839191,0.005017264285445946,0.005017264285445946,0.015656242590254357,0.0006
960,0.002310212184785364,0.0017835567705333233,0.002310212184785364,0.0017835567705333233,0.0019397144205868244,0.002163155470043421,0.0029506937135010958,0.0023043501551808067,0.0044209219669817815,0.0032865952234715223,0.0044209219669817815,0.0032865952234715223,0.0,0.00062599463273079,0.0050469165997125715,0.0050469165997125715,0.015609281780900408,0.0006
970,0.0022894204809358145,0.0017391967121511698,0.0022894204809358145,0.0017391967121511698,0.001923099858686328,0.0021451187785714865,0.0029635780956596136,0.002283250180199491,0.004378152364872324,0.0032342795748263597,0.004378152364872324,0.0032342795748263597,0.0,0.0006296764827107206,0.005007828847583044,0.005007828847583044,0.015610929213481105,0.0006
980,0.0022432574029265435,0.001724369009025395,0.0022432574029265435,0.001724369009025395,0.0018910403596237302,0.0021180142648518085,0.002941567450761795,0.0022368661015907164,0.004294720162024333,0.0032115273643285036,0.004294720162024333,0.0032115273643285036,0.0,0.0006287199795253109,0.004923440141549645,0.004923440141549645,0.015579370683842523,0.0006
990,0.002245532882516594,0.0017343948129564524,0.002245532882516594,0.0017343948129564524,0.0019026861991733313,0.0021027338225394487,0.0028870219830423594,0.002239661656568496,0.0043057553790945766,0.003219752572476864,0.0043057553790945766,0.003219752572476864,0.0,0.0006263300283161386,0.0049320854074107155,0.0049320854074107155,0.015572381247727826,0.0006
1000,0.002248499195914686,0.0017206561751663685,0.002248499195914686,0.0017206561751663685,0.0019106612307950854,0.0020942355040460825,0.002935615601018071,0.002242210287905603,0.004312171488822718,0.003200750332325697,0.004312171488822718,0.003200750332325697,0.0,0.0006267217502076379,0.004938893239030355,0.004938893239030355,0.015530304957931456,0.0006
1010,0.0022405664245579234,0.001737321144901216,0.0022405664245579234,0.001737321144901216,0.0018906067125499249,0.0020888892468065023,0.002892998280003667,0.0022345950881147887,0.004297302667903702,0.003229907713830471,0.004297302667903702,0.003229907713830471,0.0,0.000627048474306356,0.004924351142210058,0.004924351142210058,0.015523177522791474,0.0006
1020,0.0022337163869717296,0.0017384933307766914,0.0022337163869717296,0.0017384933307766914,0.0019104501698166132,0.0020839511416852474,0.002868203679099679,0.0022279092276294063,0.004285276730204946,0.0032263165339827538,0.004285276730204946,0.0032263165339827538,0.0,0.0006270770360860487,0.004912353766290995,0.004912353766290995,0.015534248148692408,0.0006
1030,0.0022404501520389662,0.0017496885266155005,0.0022404501520389662,0.0017496885266155005,0.0018936463166028261,0.002115393988788128,0.0029398519545793533,0.002234048899522157,0.004296196773506615,0.003248542780056596,0.004296196773506615,0.003248542780056596,0.0,0.0006253619270555468,0.004921558700562162,0.004921558700562162,0.01547668112544368,0.0006
1040,0.0022081242067926556,0.0016972440062090755,0.0022081242067926556,0.0016972440062090755,0.0018573642009869218,0.0020790710113942623,0.002825658768415451,0.002202472159262046,0.004238999861423615,0.003152651246637106,0.004238999861423615,0.003152651246637106,0.0,0.0006276012478814485,0.004866601109305063,0.004866601109305063,0.0154650098915289,0.0006
1050,0.002194869150604113,0.0016873576678335667,0.002194869150604113,0.0016873576678335667,0.0018548372900113463,0.0020530526526272297,0.002833748934790492,0.0021890217427812607,0.004209373528090925,0.0031359209679067135,0.004209373528090925,0.0031359209679067135,0.0,0.00063115393847772,0.004840527466568645,0.004840527466568645,0.01543157951075261,0.0006
1060,0.00217868389878909,0.0016710289055481553,0.00217868389878909,0.0016710289055481553,0.0018579332390800118,0.002039580838754773,0.0028474675491452217,0.0021725628620845434,0.004183734723443862,0.0031167452689260244,0.004183734723443862,0.0031167452689260244,0.0,0.0006317818790917013,0.004815516602535563,0.004815516602535563,0.015456668202385643,0.0006
1070,0.002301318552619136,0.0018009640043601394,0.002301318552619136,0.0018009640043601394,0.0019861843902617693,0.0021397701930254698,0.002968773478642106,0.0022952096510911,0.004416948001870218,0.003345870180055499,0.004416948001870218,0.003345870180055499,0.0,0.0006207150936292031,0.005037663095499421,0.005037663095499421,0.015396185693362024,0.0006
1080,0.002186744542903963,0.0016877807211130857,0.002186744542903963,0.0016877807211130857,0.0018533929251134396,0.002038439502939582,0.002822521608322859,0.0021809255620990078,0.004198794814362724,0.0031350282952189445,0.004198794814362724,0.0031350282952189445,0.0,0.0006323189720907605,0.004831113786453484,0.004831113786453484,0.01540167567218129,0.0006
1090,0.002238950302923283,0.0017250790260732174,0.002238950302923283,0.0017250790260732174,0.0018867870094254613,0.0020792526192963123,0.002908224705606699,0.0022328247788609462,0.004304353420184544,0.0032237416598945856,0.004304353420184544,0.0032237416598945856,0.0,0.0006257789329804204,0.0049301323531649646,0.0049301323531649646,0.015339400745590858,0.0006
1100,0.002276073154745458,0.0017623138846829534,0.002276073154745458,0.0017623138846829534,0.0019268308533355594,0.0021051461808383465,0.002919240854680538,0.0022701865333651142,0.004370974345578315,0.0032764857169240713,0.004370974345578315,0.0032764857169240713,0.0,0.0006196177255246008,0.0049905920711029155,0.0049905920711029155,0.01535759254402708,0.0006
1110,0.002165547253100619,0.0017041341634467244,0.002165547253100619,0.0017041341634467244,0.001842156401835382,0.0020117040257900953,0.002815411426126957,0.0021595993696195614,0.00416287083522074,0.003151827724650502,0.00416287083522074,0.003151827724650502,0.0,0.000629933267067339,0.0047928041022880785,0.0047928041022880785,0.015330171318395045,0.0006
1120,0.0021521689051674166,0.0016690329648554325,0.0021521689051674166,0.0016690329648554325,0.0018315184861421585,0.0020245679188519716,0.0027905087918043137,0.00214632653858593,0.004135292910406011,0.0030969823710620403,0.004135292910406011,0.0030969823710620403,0.0,0.0006324069894343789,0.00476769989984039,0.00476769989984039,0.015272085923089583,0.0006
1130,0.002249779283117194,0.0017362155485898256,0.002249779283117194,0.0017362155485898256,0.0018854194786399603,0.002095988253131509,0.0029080810490995646,0.0022437541132812274,0.004319423261398338,0.0032279242295771837,0.004319423261398338,0.0032279242295771837,0.0,0.0006199237795994423,0.00493934704099778,0.00493934704099778,0.015308852251781765,0.0006
1140,0.002208212009603327,0.0017070703906938434,0.002208212009603327,0.0017070703906938434,0.0018951916135847569,0.002061976818367839,0.002844648202881217,0.00220238703851691,0.004229071896184666,0.003179274732246995,0.004229071896184666,0.003179274732246995,0.0,0.0006276449548648131,0.004856716851049479,0.004856716851049479,0.015301230384701003,0.0006
1150,0.0021870369758306726,0.001700691063888371,0.0021870369758306726,0.001700691063888371,0.001858841278590262,0.00203875289298594,0.0027868268080055714,0.002181547374669595,0.004202062584068259,0.0031450013630092144,0.004202062584068259,0.0031450013630092144,0.0,0.000628118118479429,0.004830180702547688,0.004830180702547688,0.015245769421937396,0.0006
1160,0.0022403262249823617,0.0017474022461101413,0.0022403262249823617,0.0017474022461101413,0.0019066325621679425,0.0021050560753792524,0.0028968858532607555,0.0022343170051225838,0.004305756076027979,0.00326516036875546,0.004305756076027979,0.00326516036875546,0.0,0.0006224975221968704,0.0049282535982248495,0.0049282535982248495,0.015245576718029417,0.0006
1170,0.0022354889356724318,0.0017229262739419937,0.0022354889356724318,0.0017229262739419937,0.001877757254987955,0.0020884100813418627,0.00287429615855217,0.002229642281736123,0.004294774815133104,0.0031978890765458345,0.004294774815133104,0.0031978890765458345,0.0,0.0006228344955002594,0.004917609310633363,0.004917609310633363,0.015184916570642951,0.0006
1180,0.0021999771753084163,0.0017236201092600822,0.0021999771753084163,0.0017236201092600822,0.0018792514456436038,0.0020411573350429535,0.0028531337156891823,0.0021939991719654973,0.004231230639336909,0.0032008958514779806,0.004231230639336909,0.0032008958514779806,0.0,0.0006233972517986287,0.004854627891135537,0.004854627891135537,0.015169009590320229,0.0006
1190,0.0021663246706057006,0.0016918807523325086,0.0021663246706057006,0.0016918807523325086,0.0018590909894555807,0.002030549105256796,0.0028176719788461924,0.0021603632743842542,0.004170738350298409,0.00315450900234282,0.004170738350298409,0.00315450900234282,0.0,0.000626692708776261,0.00479743105907467,0.00479743105907467,0.01520130228859407,0.0006
1200,0.002189833402205919,0.0017256502760574222,0.002189833402205919,0.0017256502760574222,0.001856927527114749,0.0020552745554596186,0.0028597358614206314,0.002183702098095092,0.004212469832839061,0.0031954783480614424,0.004212469832839061,0.0031954783480614424,0.0,0.0006262026515862248,0.004838672484425285,0.004838672484425285,0.015208711584148694,0.0006
1210,0.002147497572300587,0.0016792116221040487,0.002147497572300587,0.0016792116221040487,0.0018222812796011567,0.0020059761591255665,0.002779926173388958,0.002141709211653833,0.004137638358525898,0.0031243343837559223,0.004137638358525898,0.0031243343837559223,0.0,0.000626386021309486,0.004764024379835384,0.004764024379835384,0.015146862796758894,0.0006
1220,0.002035741153818738,0.0015774918720126152,0.002035741153818738,0.0015774918720126152,0.001729185227304697,0.0018959577428177,0.002649919828400016,0.0020301198560361516,0.003921417663653012,0.002930010436102748,0.003921417663653012,0.002930010436102748,0.0,0.0006288349898958738,0.0045502526535488854,0.0045502526535488854,0.01500448291873,0.0003
1230,0.0020235233688744025,0.0015743131516501307,0.0020235233688744025,0.0015743131516501307,0.001720990869216621,0.0018994613783434033,0.0026191044598817825,0.0020180722999503012,0.0038969187711968565,0.0029309168457984924,0.0038969187711968565,0.0029309168457984924,0.0,0.0006304785614338433,0.0045273973326307,0.0045273973326307,0.014970742008909629,0.0003
1240,0.0020568022231724236,0.0015724844997748733,0.0020568022231724236,0.0015724844997748733,0.0017393234884366393,0.001924199634231627,0.002674400806427002,0.002051149684646043,0.003954834832393959,0.002947953762486577,0.003954834832393959,0.002947953762486577,0.0,0.0006259123566647916,0.004580747189058751,0.004580747189058751,0.0149650849320791,0.0003
1250,0.002036354155447184,0.001584672718308866,0.002036354155447184,0.001584672718308866,0.0017172645311802626,0.001897261361591518,0.002616309095174074,0.0020310461067095382,0.0039202064447718295,0.002930512884631753,0.0039202064447718295,0.002930512884631753,0.0,0.0006284350770214113,0.0045486415217932405,0.0045486415217932405,0.0149682862149896,0.0003
1260,0.002046567539206287,0.0015903266612440348,0.002046567539206287,0.0015903266612440348,0.0017402757657691836,0.0019178439397364855,0.002662504557520151,0.0020409301657735726,0.003945607030907558,0.002965665655210614,0.003945607030907558,0.002965665655210614,0.0,0.0006269656669015447,0.004572572697809103,0.004572572697809103,0.01496910016618228,0.0003
1270,0.00208862058084614,0.001623188960365951,0.00208862058084614,0.001623188960365951,0.0017578143160790205,0.0019474878208711743,0.0026792786084115505,0.0020832146044676082,0.004022090679087143,0.003007152583450079,0.004022090679087143,0.003007152583450079,0.0,0.0006243177577046934,0.0046464084367918365,0.0046464084367918365,0.014970025852900215,0.0003
1280,0.0020400621549586926,0.0015778320375829935,0.0020400621549586926,0.0015778320375829935,0.001718339161016047,0.0019179825903847814,0.0026480823289602995,0.002034497219283887,0.003929836971958518,0.002933560172095895,0.003929836971958518,0.002933560172095895,0.0,0.0006288652226721464,0.004558702194630664,0.004558702194630664,0.014943222630272703,0.0003
1290,0.002055288692099256,0.001581165473908186,0.002055288692099256,0.001581165473908186,0.0017346830572932959,0.0019256810192018747,0.0026467039715498686,0.002049875743262679,0.003958885319587577,0.002951382426545024,0.003958885319587577,0.002951382426545024,0.0,0.0006261068130758856,0.004584992132663463,0.004584992132663463,0.014949510623768869,0.0003
1300,0.002069092153168686,0.0015948369400575757,0.002069092153168686,0.0015948369400575757,0.0017370812129229307,0.001933582592755556,0.002686556428670883,0.002063440753535752,0.00398377506758575,0.0029744680505245924,0.00398377506758575,0.0029744680505245924,0.0,0.0006255538797147951,0.004609328947300545,0.004609328947300545,0.014929733679026542,0.0003
1310,0.0021232186208776614,0.0016405070200562477,0.0021232186208776614,0.0016405070200562477,0.0017793204169720411,0.0019790618680417538,0.0027197052258998156,0.002117759263506574,0.004092304435575015,0.003054240485653281,0.004092304435575015,0.003054240485653281,0.0,0.0006188762264092677,0.004711180661984283,0.004711180661984283,0.014924184866528351,0.0003
1320,0.0020576016799057164,0.0016082233050838113,0.0020576016799057164,0.0016082233050838113,0.0017485447460785508,0.001937016611918807,0.002655908465385437,0.00205212564524206,0.0039684290935785745,0.002990737557411194,0.0039684290935785745,0.002990737557411194,0.0,0.0006258985392025919,0.0045943276327811665,0.0045943276327811665,0.014913198385180466,0.0003
1330,0.0020838445774062878,0.0016369279474020004,0.0020838445774062878,0.0016369279474020004,0.0017569427145645022,0.0019451353000476956,0.0026828499976545572,0.002078362157321484,0.004018116486389136,0.0030336021445691586,0.004018116486389136,0.0030336021445691586,0.0,0.0006228328973043653,0.0046409493836935016,0.0046409493836935016,0.014894720716604571,0.0003
1340,0.0019999705509416085,0.0015575697179883718,0.0019999705509416085,0.0015575697179883718,0.0016915840096771717,0.001872942433692515,0.002587467199191451,0.0019945934770194537,0.0038570732069612766,0.002896791324019432,0.0038570732069612766,0.002896791324019432,0.0,0.0006258295361056153,0.004482902743066891,0.004482902743066891,0.014830158112315205,0.00015
1350,0.0019755408382647623,0.0015266997506842017,0.0019755408382647623,0.0015266997506842017,0.0016657717060297728,0.0018633072031661868,0.002531843725591898,0.0019704492633289697,0.0038091445425151825,0.0028437664732337,0.0038091445425151825,0.0028437664732337,0.0,0.0006279940055054364,0.004437138548020619,0.004437138548020619,0.01481665301211298,0.00015
1360,0.0019865010141355633,0.001538025331683457,0.0019865010141355633,0.001538025331683457,0.0016795219853520393,0.0018676675390452147,0.002573037054389715,0.0019811327294346564,0.003830938453288108,0.002863548696041107,0.003830938453288108,0.002863548696041107,0.0,0.0006270304695029426,0.004457968922791051,0.004457968922791051,0.014781345137571475,0.00015
1370,0.0020014583984008776,0.0015507424250245094,0.0020014583984008776,0.0015507424250245094,0.0016925237141549587,0.0018811144400388002,0.0025854662526398897,0.001996113274716936,0.003860080615787585,0.0028887956868857145,0.003860080615787585,0.0028887956868857145,0.0,0.0006261603975450258,0.004486241013332611,0.004486241013332611,0.014810951572697184,0.00015
1380,0.002009205448258061,0.0015698609640821815,0.002009205448258061,0.0015698609640821815,0.0016886901576071978,0.0018840753473341465,0.0025866099167615175,0.0020039207625067203,0.003876283960093422,0.002913110423833132,0.003876283960093422,0.002913110423833132,0.0,0.0006237325410936955,0.004500016501187118,0.004500016501187118,0.01478806506599751,0.00015
1390,0.002003210007446646,0.0015665012178942561,0.002003210007446646,0.0015665012178942561,0.0016947565600275993,0.0018693525344133377,0.002586700953543186,0.0019978695805850824,0.003862544391190006,0.0029028800781816244,0.003862544391190006,0.0029028800781816244,0.0,0.000625727064252922,0.0044882714554429284,0.0044882714554429284,0.01478077335018535,0.00015
1400,0.0020004783643910507,0.001558964024297893,0.0020004783643910507,0.001558964024297893,0.001693842583335936,0.0018789636669680476,0.002593389479443431,0.0019950517416016614,0.003858459677517386,0.0028928557876497507,0.003858459677517386,0.0028928557876497507,0.0,0.0006248527594261813,0.004483312436943567,0.004483312436943567,0.014780508771552726,0.00015
1410,0.0020262535506870957,0.001577234361320734,0.0020262535506870957,0.001577234361320734,0.0017004047986119986,0.0019020441686734557,0.002606333466246724,0.0020209443935504724,0.003907393553866763,0.0029277694411575794,0.003907393553866763,0.0029277694411575794,0.0,0.0006237165302219861,0.004531110084088749,0.004531110084088749,0.01477452658076778,0.00015
1420,0.001987254671745382,0.00154519930947572,0.001987254671745382,0.00154519930947572,0.0016746894689276814,0.0018656984902918339,0.0025725839659571648,0.0019818974476637705,0.0038340815417077763,0.002874101744964719,0.0038340815417077763,0.002874101744964719,0.0,0.0006265877110382249,0.004460669252746002,0.004460669252746002,0.014756627769498583,0.00015
1430,0.0019622205445886075,0.001529532833956182,0.0019622205445886075,0.001529532833956182,0.0016570858424529433,0.0018388999160379171,0.0025251819752156734,0.001957068066456808,0.0037879812760754513,0.0028371841181069613,0.0037879812760754513,0.0028371841181069613,0.0,0.00062881235471208,0.004416793630787531,0.004416793630787531,0.014766941496325379,0.00015
1440,0.0020069702196993822,0.0015496962005272508,0.0020069702196993822,0.0015496962005272508,0.0016888611717149615,0.0018868971383199096,0.0025976705364882946,0.0020015638738298514,0.0038694073630172123,0.002887078793719411,0.0038694073630172123,0.002887078793719411,0.0,0.00062506913216998,0.004494476495187192,0.004494476495187192,0.014795295425416414,0.00015
1450,0.001964724189480365,0.0015347603475674987,0.001964724189480365,0.0015347603475674987,0.0016595945926383138,0.0018393122591078281,0.0025344674941152334,0.0019595095911446887,0.0037923672865798628,0.002849285025149584,0.0037923672865798628,0.002849285025149584,0.0,0.000626374929322328,0.004418742215902191,0.004418742215902191,0.014719811889486664,7.5e-05
1460,0.001973669919553078,0.0015360445249825716,0.001973669919553078,0.0015360445249825716,0.0016619785455986857,0.00185066694393754,0.00255474541336298,0.001968351600440605,0.0038094232752530965,0.002857362385839224,0.0038094232752530965,0.002857362385839224,0.0,0.000625673553253246,0.004435096828506343,0.004435096828506343,0.014730054085831256,7.5e-05
1470,0.001983742923990726,0.0015432791551575065,0.001983742923990726,0.0015432791551575065,0.0016744117019698024,0.0018647417891770601,0.0025718556717038155,0.0019783602491100795,0.003827483938209536,0.002872152952477336,0.003827483938209536,0.002872152952477336,0.0,0.0006244601863496528,0.004451944124559189,0.004451944124559189,0.014710438086281209,7.5e-05
1480,0.0019754687324237607,0.0015415162779390812,0.0019754687324237607,0.0015415162779390812,0.0016708200564607978,0.0018527754582464695,0.002550095319747925,0.001970209474951368,0.003811950210809509,0.002865527058020234,0.003811950210809509,0.002865527058020234,0.0,0.0006246938154180182,0.004436644026227527,0.004436644026227527,0.014713031649311198,7.5e-05
1490,0.001978199681896649,0.0015326469438150525,0.001978199681896649,0.0015326469438150525,0.001666393713094294,0.0018572388216853142,0.0025638302322477102,0.001972839754651922,0.003817488440158041,0.002858381951227784,0.003817488440158041,0.002858381951227784,0.0,0.0006249759598941798,0.004442464400052221,0.004442464400052221,0.014703782569823746,7.5e-05
1500,0.001984506570226478,0.0015421381685882807,0.001984506570226478,0.0015421381685882807,0.0016704677836969495,0.0018584575736895204,0.002574766054749489,0.0019791041511697948,0.0038301824931499706,0.0028695629443973303,0.0038301824931499706,0.0028695629443973303,0.0,0.0006244995555644829,0.004454682048714453,0.004454682048714453,0.01470093095251604,7.5e-05
1510,0.0019678115204513837,0.0015296046622097492,0.0019678115204513837,0.0015296046622097492,0.0016617903020232916,0.0018482885789126158,0.0025529349222779274,0.001962456153560841,0.0037970050696402224,0.0028441103640943766,0.0037970050696402224,0.0028441103640943766,0.0,0.0006260198192695754,0.0044230248889097976,0.0044230248889097976,0.014683353452147802,7.5e-05
1520,0.0019709000656324403,0.0015322330873459578,0.0019709000656324403,0.0015322330873459578,0.0016654559876769781,0.0018576070433482528,0.0025569973513484,0.001965535732347606,0.0038052425930789153,0.002851742086932063,0.0038052425930789153,0.002851742086932063,0.0,0.0006249369137280089,0.004430179506806924,0.004430179506806924,0.014698251449594512,7.5e-05
1530,0.0019699390008509113,0.00154071522410959,0.0019699390008509113,0.00154071522410959,0.0016576616326346993,0.0018505282932892442,0.0025671005714684725,0.00196447347451235,0.0038023196093445355,0.0028602341189980507,0.0038023196093445355,0.0028602341189980507,0.0,0.0006254216798986937,0.004427741289243229,0.004427741289243229,0.014717434528890653,7.5e-05
1540,0.0019562834925201614,0.0015215113526210189,0.0019562834925201614,0.0015215113526210189,0.0016502011567354202,0.001839330536313355,0.0025414596311748028,0.0019509276459510692,0.0037757771724486744,0.0028276650700718164,0.0037757771724486744,0.0028276650700718164,0.0,0.0006256395922570448,0.004401416764705719,0.004401416764705719,0.014678281052141175,3.75e-05
1550,0.0019549714429780026,0.0015190403209999204,0.0019549714429780026,0.0015190403209999204,0.0016529819695279002,0.0018408915493637323,0.0025323203299194574,0.0019496872895210509,0.003774280300458307,0.0028282629791647196,0.003774280300458307,0.0028282629791647196,0.0,0.0006255812172218074,0.004399861517680115,0.004399861517680115,0.014685948919525073,3.75e-05
1560,0.0019582845418210674,0.0015238398918882012,0.0019582845418210674,0.0015238398918882012,0.0016497952165082097,0.001842145691625774,0.0025372423697263002,0.001952985639347658,0.0037793975508048734,0.0028311365749686956,0.0037793975508048734,0.0028311365749686956,0.0,0.0006254842853746503,0.0044048818361795234,0.0044048818361795234,0.01466595075913782,3.75e-05
1570,0.0019674121548878365,0.001529637724161148,0.0019674121548878365,0.001529637724161148,0.0016563142416998744,0.0018435997189953923,0.0025531568098813295,0.0019620511146213994,0.0037969335904083656,0.0028414991684257984,0.0037969335904083656,0.0028414991684257984,0.0,0.0006250337792912593,0.004421967369699625,0.004421967369699625,0.014680119753481276,3.75e-05
1580,0.001953837935843732,0.0015170712722465396,0.001953837935843732,0.0015170712722465396,0.0016458152094855905,0.0018370113102719188,0.0025333722587674856,0.0019485337350699248,0.0037708442158901367,0.002819610992446542,0.0037708442158901367,0.002819610992446542,0.0,0.0006259051326176232,0.00439674934850776,0.00439674934850776,0.01470145550346544,3.75e-05
1590,0.0019465714841423354,0.0015153271378949285,0.0019465714841423354,0.0015153271378949285,0.0016458621248602867,0.0018313159234821796,0.0025291552301496267,0.0019412394027709032,0.0037592010111614834,0.002823460381478071,0.0037592010111614834,0.002823460381478071,0.0,0.0006259441766041063,0.0043851451877655896,0.0043851451877655896,0.014667228518791106,3.75e-05
1600,0.001944115942326722,0.0015153975691646338,0.001944115942326722,0.0015153975691646338,0.0016432926058769226,0.0018222506623715162,0.0025126186665147543,0.0019389127092733034,0.003753479327751812,0.002817439613863826,0.003753479327751812,0.002817439613863826,0.0,0.0006264407192606681,0.00437992004701248,0.00437992004701248,0.014675839225256103,3.75e-05
1610,0.00195040776783814,0.0015207165852189064,0.00195040776783814,0.0015207165852189064,0.001646204269491136,0.0018317846115678549,0.00252604391425848,0.0019451392122108418,0.0037656804364216805,0.0028272755444049835,0.0037656804364216805,0.0028272755444049835,0.0,0.0006257093167962463,0.004391389753217926,0.004391389753217926,0.01470250642207737,3.75e-05
1620,0.0019570965302819106,0.0015162135241553187,0.0019570965302819106,0.0015162135241553187,0.0016498398035764694,0.0018381307600066066,0.0025332244113087654,0.0019518235227135071,0.0037782605179582742,0.0028274902142584324,0.0037782605179582742,0.0028274902142584324,0.0,0.0006247563115380081,0.0044030168294962825,0.0044030168294962825,0.014668190258617203,3.75e-05
1630,0.0019526630664895052,0.0015212476719170809,0.0019526630664895052,0.0015212476719170809,0.00164983666036278,0.0018332662293687463,0.0025310213677585125,0.0019473696270867335,0.003770087198865137,0.0028284303843975067,0.003770087198865137,0.0028284303843975067,0.0,0.0006255423166987627,0.0043956295155639,0.0043956295155639,0.014663484491583613,3.75e-05
1640,0.001962046061730808,0.0015146828955039382,0.001962046061730808,0.0015146828955039382,0.0016509492415934801,0.0018455294193699956,0.002533385995775461,0.001956816878610369,0.0037871909564344813,0.002824412425979972,0.0037871909564344813,0.002824412425979972,0.0,0.0006247010974335791,0.00441189205386806,0.00441189205386806,0.014669324560758637,3.75e-05
1650,0.0019430695595740793,0.0015071298694238067,0.0019430695595740793,0.0015071298694238067,0.0016367891803383827,0.0018310857703909278,0.002516956301406026,0.0019378170756202391,0.0037519215293099904,0.0028073315043002367,0.0037519215293099904,0.0028073315043002367,0.0,0.0006262432574096618,0.0043781647867196525,0.0043781647867196525,0.01464874315897755,3.75e-05
1660,0.0019459561244208866,0.0015165895456448197,0.0019459561244208866,0.0015165895456448197,0.0016434501158073545,0.0018276011105626822,0.0025250092148780823,0.001940656295867339,0.003757766589899081,0.0028222748078405857,0.003757766589899081,0.0028222748078405857,0.0,0.0006262536048750497,0.004384020194774131,0.004384020194774131,0.014638861310166652,3.75e-05
1670,0.001956696911911156,0.00151877012103796,0.001956696911911156,0.00151877012103796,0.0016510385321453214,0.0018381975824013352,0.002527137054130435,0.0019514759525319273,0.0037776279980988475,0.0028282220009714365,0.0037776279980988475,0.0028282220009714365,0.0,0.0006250696840354388,0.004402697682134286,0.004402697682134286,0.014674783660225071,3.75e-05
1680,0.001950392565505626,0.0015185337979346514,0.001950392565505626,0.0015185337979346514,0.0016458961181342602,0.0018334758933633566,0.002523974282667041,0.001945142907909718,0.003765797888661313,0.002824013587087393,0.003765797888661313,0.002824013587087393,0.0,0.0006259027979839458,0.004391700686645259,0.004391700686645259,0.014679040410346187,3.75e-05
1690,0.001956827443513228,0.001518896664492786,0.001956827443513228,0.001518896664492786,0.0016493191942572594,0.0018423544242978096,0.002540103392675519,0.0019514889841862957,0.003778531818059781,0.0028341927099972963,0.003778531818059781,0.0028341927099972963,0.0,0.0006248798542789413,0.004403411672338722,0.004403411672338722,0.014653088218088611,3.75e-05
1700,0.0019583626638503674,0.001520194811746478,0.0019583626638503674,0.001520194811746478,0.001649095444008708,0.0018463690066710114,0.0025369988288730383,0.001953066675520624,0.003780539682040082,0.0028286869637668133,0.003780539682040082,0.0028286869637668133,0.0,0.0006247112627453641,0.0044052509447854455,0.0044052509447854455,0.01463428439320394,3.75e-05
1710,0.0019416159896480526,0.0015133701963350177,0.0019416159896480526,0.0015133701963350177,0.0016417921287938952,0.0018235559109598398,0.002508232370018959,0.0019364300019375786,0.003748953963861802,0.00281193177215755,0.003748953963861802,0.00281193177215755,0.0,0.0006262446488354603,0.004375198612697262,0.004375198612697262,0.014662379630287296,3.75e-05
1720,0.0019510532444063484,0.001511678914539516,0.0019510532444063484,0.001511678914539516,0.001645027892664075,0.0018320517847314477,0.002529704477638006,0.0019457570791429333,0.003767535477149197,0.002818001201376319,0.003767535477149197,0.002818001201376319,0.0,0.0006254375125295419,0.004392972989678739,0.004392972989678739,0.014664573328782543,3.75e-05
1730,0.001954323754171975,0.0015255444450303912,0.001954323754171975,0.0015255444450303912,0.0016538354102522135,0.0018334478372707963,0.002528672805055976,0.0019490669701687062,0.0037746885020376267,0.002837360603734851,0.0037746885020376267,0.002837360603734851,0.0,0.0006248708780840412,0.004399559380121668,0.004399559380121668,0.014630569711291851,3.75e-05
1740,0.0019499956090677406,0.0015157016459852457,0.0019499956090677406,0.0015157016459852457,0.001645321841351688,0.0018325314158573747,0.0025232366751879454,0.001944748978179275,0.003765547217892109,0.0028208610601723194,0.003765547217892109,0.0028208610601723194,0.0,0.0006253072197632806,0.00439085443765539,0.00439085443765539,0.01465424690342598,3.75e-05
1750,0.0019525572984769159,0.0015183556824922562,0.0019525572984769159,0.0015183556824922562,0.001646077143959701,0.0018346523866057396,0.002526054624468088,0.0019473083640814024,0.003770775598825934,0.0028251672629266977,0.003770775598825934,0.0028251672629266977,0.0,0.0006246848538705648,0.004395460452696499,0.004395460452696499,0.01462502367240387,1.875e-05
1760,0.0019460987572328425,0.0015089305816218257,0.0019460987572328425,0.0015089305816218257,0.0016404666239395738,0.0018292494351044297,0.002518059452995658,0.0019408639335580353,0.0037583497965342576,0.002812480553984642,0.0037583497965342576,0.002812480553984642,0.0,0.0006251754664695772,0.004383525263003835,0.004383525263003835,0.014638747234349022,1.875e-05
1770,0.0019447568503872393,0.0015133197885006666,0.0019447568503872393,0.0015133197885006666,0.0016384132904931903,0.0018267419654875994,0.0025210150051862,0.0019394826713879326,0.0037562243403282533,0.0028160279616713524,0.0037562243403282533,0.0028160279616713524,0.0,0.0006252282476484132,0.004381452587976667,0.004381452587976667,0.014638698028018619,1.875e-05
1780,0.0019495223902403064,0.0015151372645050287,0.0019495223902403064,0.0015151372645050287,0.001642027753405273,0.001835591159760952,0.0025198946241289377,0.0019443020148321544,0.003764386257540407,0.0028185341507196426,0.003764386257540407,0.0028185341507196426,0.0,0.0006247095989554537,0.004389095856495861,0.004389095856495861,0.01463724407316796,1.875e-05
1790,0.0019387478255888852,0.0015064718900248408,0.0019387478255888852,0.0015064718900248408,0.0016364691546186805,0.0018232408910989761,0.0025094819720834494,0.001933524237919193,0.0037438323898081748,0.0028046213556081057,0.0037438323898081748,0.0028046213556081057,0.0,0.0006258830226483105,0.004369715412456485,0.004369715412456485,0.014656607944459131,1.875e-05
1800,0.00193444335439906,0.0015034079551696777,0.00193444335439906,0.0015034079551696777,0.0016348568024113774,0.0018204018706455827,0.002512164879590273,0.0019291557531894475,0.003735987409614875,0.0027997323777526617,0.003735987409614875,0.0027997323777526617,0.0,0.0006261280790013917,0.004362115488616267,0.004362115488616267,0.014645133661550349,1.875e-05
1810,0.0019429002229341664,0.0015062486054375768,0.0019429002229341664,0.0015062486054375768,0.0016407010843977332,0.0018304591067135334,0.0025189826264977455,0.0019376276053925182,0.0037521354219334484,0.0028065505903214216,0.0037521354219334484,0.0028065505903214216,0.0,0.0006254735308417494,0.004377608952775198,0.004377608952775198,0.01464429758604281,1.875e-05
1820,0.0019413110056315623,0.0015070729423314333,0.0019413110056315623,0.0015070729423314333,0.0016380660235881805,0.0018271550070494413,0.0025122601073235273,0.0019360853345030446,0.00374953303378894,0.0028064579237252474,0.00374953303378894,0.0028064579237252474,0.0,0.0006251699201567392,0.00437470295394568,0.00437470295394568,0.01462367496145547,1.875e-05
1830,0.0019409995003471956,0.0015094535192474723,0.0019409995003471956,0.0015094535192474723,0.0016387645155191422,0.0018233404261991382,0.002506398595869541,0.0019358247158397304,0.0037483386004734482,0.002808700315654278,0.0037483386004734482,0.002808700315654278,0.0,0.000625615523769858,0.004373954124243306,0.004373954124243306,0.014612203054232015,1.875e-05
1840,0.001941635891701155,0.0015065501211211085,0.001941635891701155,0.0015065501211211085,0.001638283603824675,0.0018245948012918234,0.0025142901577055454,0.0019363946783264893,0.003750177933557111,0.0028064644429832697,0.003750177933557111,0.0028064644429832697,0.0,0.0006254794015788054,0.004375657335135916,0.004375657335135916,0.014628721276484423,1.875e-05
1850,0.0019432555299953346,0.001508609508164227,0.0019432555299953346,0.001508609508164227,0.001640256610698998,0.0018293254543095827,0.0025167781859636307,0.001938006366433569,0.0037527057444529293,0.002811502432450652,0.0037527057444529293,0.002811502432450652,0.0,0.0006253410891799822,0.004378046833632911,0.004378046833632911,0.014623034904906983,1.875e-05
1860,0.0019449068990248885,0.0015100942691788077,0.0019449068990248885,0.0015100942691788077,0.0016426858492195606,0.001828184351325035,0.0025183025281876326,0.001939658919320978,0.00375631308321403,0.0028139688074588776,0.00375631308321403,0.0028139688074588776,0.0,0.0006250788880093704,0.0043813919712234,0.0043813919712234,0.014605508848747154,1.875e-05
1870,0.0019358942069570202,0.0015056681586429477,0.0019358942069570202,0.0015056681586429477,0.001633235951885581,0.001819529919885099,0.002501509618014097,0.001930717413302326,0.0037394693328833854,0.0028032695408910513,0.0037394693328833854,0.0028032695408910513,0.0,0.000625939377768941,0.004365408710652326,0.004365408710652326,0.01462849649440463,1.875e-05
1880,0.0019438038658965576,0.0015120452735573053,0.0019438038658965576,0.0015120452735573053,0.00163958128541708,0.0018296053167432547,0.002511912025511265,0.0019386042318608728,0.003754160923113449,0.002812981139868498,0.003754160923113449,0.002812981139868498,0.0,0.0006252528492539127,0.0043794137723673614,0.0043794137723673614,0.014623359033038184,1.875e-05
1890,0.0019355443711208805,0.0015033561503514647,0.0019355443711208805,0.0015033561503514647,0.001631400897167623,0.0018223210936412215,0.002507955301553011,0.0019303053654667673,0.0037385000625666845,0.0028000616002827883,0.0037385000625666845,0.0028000616002827883,0.0,0.0006259730029158595,0.004364473065482544,0.004364473065482544,0.014673180330175888,1.875e-05
1900,0.0019448759123841196,0.0015112407272681594,0.0019448759123841196,0.0015112407272681594,0.0016407667426392436,0.0018271360313519835,0.0025123250670731068,0.0019396823214441598,0.003756714697902135,0.002814041217789054,0.003756714697902135,0.002814041217789054,0.0,0.0006247006301206363,0.004381415328022771,0.004381415328022771,0.01461594650379124,1e-05
1910,0.001937173771570197,0.0015045482432469726,0.001937173771570197,0.0015045482432469726,0.0016347795026376843,0.0018225581152364612,0.002507598139345646,0.0019319528870127304,0.003741412025701266,0.0028030655812472105,0.003741412025701266,0.0028030655812472105,0.0,0.0006253045028364533,0.004366716528537719,0.004366716528537719,0.014614092062878564,1e-05
1920,0.0019367314501110952,0.001502646366134286,0.0019367314501110952,0.001502646366134286,0.001634519430808723,0.001819813041947782,0.0025047280360013247,0.001931532849701465,0.003740716535224053,0.0028010436799377203,0.003740716535224053,0.0028010436799377203,0.0,0.0006254816088386697,0.004366198144062723,0.004366198144062723,0.014592355294616955,1e-05
1930,0.0019347571203773132,0.0015029317000880837,0.0019347571203773132,0.0015029317000880837,0.0016318487469106913,0.0018196137389168143,0.002498084446415305,0.0019296012980766493,0.00373701265224979,0.002800138434395194,0.00373701265224979,0.002800138434395194,0.0,0.000625601200415975,0.004362613852665765,0.004362613852665765,0.014598841121495832,1e-05
1940,0.0019406298636356332,0.0015092449029907584,0.0019406298636356332,0.0015092449029907584,0.0016355712432414293,0.0018239946803078055,0.002511013764888048,0.0019354093616681337,0.0037485942584061863,0.002810453763231635,0.0037485942584061863,0.002810453763231635,0.0,0.0006250820990220982,0.004373676357428285,0.004373676357428285,0.014616699945428045,1e-05
1950,0.0019368828003255166,0.001504702609963715,0.0019368828003255166,0.001504702609963715,0.0016345609910786152,0.0018238791963085532,0.0025003550108522177,0.0019317256103038845,0.003741662610519642,0.00280349631793797,0.003741662610519642,0.00280349631793797,0.0,0.0006253346294852403,0.004366997240004882,0.004366997240004882,0.01462598149814848,1e-05
1960,0.0019367825787517331,0.0015043688472360373,0.0019367825787517331,0.0015043688472360373,0.0016343067400157452,0.0018231365829706192,0.0025006604846566916,0.0019316217107305115,0.0037407773077874737,0.0028015868738293648,0.0037407773077874737,0.0028015868738293648,0.0,0.0006254663854106612,0.004366243693198135,0.004366243693198135,0.014636658865367198,1e-05
1970,0.0019403434865088041,0.0015054339310154319,0.0019403434865088041,0.0015054339310154319,0.0016353658866137266,0.0018265381222590804,0.0025110910646617413,0.0019351196809040349,0.003747012338451085,0.002804163843393326,0.003747012338451085,0.002804163843393326,0.0,0.0006250776190408893,0.004372089957491975,0.004372089957491975,0.014601104602083938,1e-05
1980,0.0019338182010075454,0.0015066505875438452,0.0019338182010075454,0.0015066505875438452,0.0016338269924744964,0.0018198539037257433,0.0025001326575875282,0.001928635001085541,0.0037349936613876194,0.0028025375213474035,0.0037349936613876194,0.0028025375213474035,0.0,0.0006256851726948591,0.004360678834082478,0.004360678834082478,0.014628610386283998,1e-05
1990,0.0019375743263444602,0.0015035857213661075,0.0019375743263444602,0.0015035857213661075,0.0016347442287951708,0.0018201266648247838,0.002506048884242773,0.0019323712949502702,0.0037425961846002387,0.0028008779045194387,0.0037425961846002387,0.0028008779045194387,0.0,0.0006254539544045152,0.004368050139004754,0.004368050139004754,0.014615396048371976,1e-05
2000,0.001932913677431523,0.0015015891985967755,0.001932913677431523,0.0015015891985967755,0.0016302091535180807,0.001816054224036634,0.0024993231054395437,0.0019277296147013473,0.0037336602154853828,0.0027954503893852234,0.0037336602154853828,0.0027954503893852234,0.0,0.0006257968891166472,0.00435945710460203,0.00435945710460203,0.014606510396719808,1e-05
